{
    "type": "InMemoryBM25Retriever",
    "data": {
        "k1": 1.5,
        "b": 0.75,
        "epsilon": 0.25,
        "top_k": 1,
        "indexed": true,
        "t2d": [
            {
                "hello": 1,
                "world": 1
            },
            {
                "beautiful": 1,
                "is": 1,
                "world": 1
            },
            {
                "a": 1,
                "day": 1,
                "good": 1,
                "is": 1,
                "today": 1
            }
        ],
        "nd": {
            "a": 1,
            "beautiful": 1,
            "day": 1,
            "good": 1,
            "hello": 1,
            "is": 2,
            "today": 1,
            "world": 2
        },
        "idf": {
            "a": 0.5108256237659907,
            "beautiful": 0.5108256237659907,
            "day": 0.5108256237659907,
            "good": 0.5108256237659907,
            "hello": 0.5108256237659907,
            "is": 0.06385320297074884,
            "today": 0.5108256237659907,
            "world": 0.06385320297074884
        },
        "doc_len": [
            2,
            3,
            5
        ],
        "avgdl": 3.3333333333333335,
        "corpus_size": 3
    }
}